number,times_testified,times_lied,truth_score
1,999.0,333.0,0.6666666666666667
8,992.0,72.0,0.9274193548387096
50,950.0,68.0,0.9284210526315789
32,968.0,69.0,0.9287190082644629
2,998.0,71.0,0.9288577154308617
128,872.0,61.0,0.930045871559633
18,982.0,67.0,0.9317718940936863
162,838.0,56.0,0.9331742243436754
339,661.0,44.0,0.9334341906202723
98,902.0,60.0,0.9334811529933481
200,800.0,53.0,0.93375
392,608.0,40.0,0.9342105263157895
374,626.0,41.0,0.9345047923322684
338,662.0,43.0,0.9350453172205438
274,726.0,47.0,0.9352617079889807
72,928.0,60.0,0.9353448275862069
326,674.0,43.0,0.9362017804154302
242,758.0,48.0,0.9366754617414248
288,712.0,45.0,0.9367977528089888
271,729.0,46.0,0.9368998628257887
186,814.0,51.0,0.9373464373464373
149,851.0,53.0,0.9377203290246768
244,756.0,47.0,0.9378306878306878
398,602.0,37.0,0.9385382059800664
266,734.0,45.0,0.9386920980926431
395,605.0,37.0,0.9388429752066115
146,854.0,52.0,0.9391100702576113
211,789.0,48.0,0.9391634980988594
30,970.0,59.0,0.9391752577319588
391,609.0,37.0,0.9392446633825944
44,956.0,58.0,0.9393305439330544
11,989.0,60.0,0.9393326592517695
74,926.0,56.0,0.9395248380129589
305,695.0,42.0,0.939568345323741
221,779.0,47.0,0.9396662387676509
38,962.0,58.0,0.9397089397089398
269,731.0,44.0,0.9398084815321477
86,914.0,55.0,0.9398249452954048
334,666.0,40.0,0.93993993993994
367,633.0,38.0,0.9399684044233807
365,635.0,38.0,0.9401574803149606
381,619.0,37.0,0.9402261712439418
230,770.0,46.0,0.9402597402597402
330,670.0,40.0,0.9402985074626866
61,939.0,56.0,0.9403620873269436
92,908.0,54.0,0.9405286343612335
75,925.0,55.0,0.9405405405405405
377,623.0,37.0,0.9406099518459069
208,792.0,47.0,0.9406565656565656
325,675.0,40.0,0.9407407407407408
290,710.0,42.0,0.9408450704225352
306,694.0,41.0,0.9409221902017291
69,931.0,55.0,0.9409237379162191
52,948.0,56.0,0.9409282700421941
68,932.0,55.0,0.9409871244635193
118,882.0,52.0,0.9410430839002267
134,866.0,51.0,0.941108545034642
66,934.0,55.0,0.9411134903640257
82,918.0,54.0,0.9411764705882353
13,987.0,58.0,0.9412360688956434
47,953.0,56.0,0.9412381951731374
251,749.0,44.0,0.9412550066755674
285,715.0,42.0,0.9412587412587412
62,938.0,55.0,0.94136460554371
212,788.0,46.0,0.9416243654822335
40,960.0,56.0,0.9416666666666667
314,686.0,40.0,0.9416909620991254
209,791.0,46.0,0.9418457648546144
53,947.0,55.0,0.941921858500528
380,620.0,36.0,0.9419354838709677
379,621.0,36.0,0.9420289855072463
275,725.0,42.0,0.9420689655172414
344,656.0,38.0,0.9420731707317073
188,812.0,47.0,0.9421182266009852
12,988.0,57.0,0.9423076923076923
27,973.0,56.0,0.9424460431654677
182,818.0,47.0,0.9425427872860636
147,853.0,49.0,0.9425556858147714
129,871.0,50.0,0.9425947187141217
303,697.0,40.0,0.9426111908177905
23,977.0,56.0,0.9426816786079836
110,890.0,51.0,0.9426966292134832
354,646.0,37.0,0.9427244582043344
107,893.0,51.0,0.9428891377379619
247,753.0,43.0,0.9428950863213812
317,683.0,39.0,0.9428989751098097
54,946.0,54.0,0.9429175475687104
124,876.0,50.0,0.9429223744292238
159,841.0,48.0,0.9429250891795482
264,736.0,42.0,0.9429347826086957
299,701.0,40.0,0.9429386590584878
35,965.0,55.0,0.9430051813471503
245,755.0,43.0,0.9430463576158941
227,773.0,44.0,0.943078913324709
156,844.0,48.0,0.943127962085308
103,897.0,51.0,0.9431438127090301
138,862.0,49.0,0.9431554524361949
155,845.0,48.0,0.9431952662721893
190,810.0,46.0,0.9432098765432099
31,969.0,55.0,0.9432404540763674
260,740.0,42.0,0.9432432432432433
295,705.0,40.0,0.9432624113475178
48,952.0,54.0,0.9432773109243697
136,864.0,49.0,0.943287037037037
259,741.0,42.0,0.9433198380566802
241,759.0,43.0,0.9433465085638999
135,865.0,49.0,0.9433526011560693
223,777.0,44.0,0.9433719433719434
28,972.0,55.0,0.9434156378600823
399,601.0,34.0,0.9434276206322796
257,743.0,42.0,0.9434724091520862
114,886.0,50.0,0.9435665914221218
362,638.0,36.0,0.9435736677115988
7,993.0,56.0,0.9436052366565961
166,834.0,47.0,0.9436450839328537
24,976.0,55.0,0.9436475409836066
6,994.0,56.0,0.9436619718309859
219,781.0,44.0,0.9436619718309859
218,782.0,44.0,0.9437340153452686
342,658.0,37.0,0.9437689969604863
39,961.0,54.0,0.9438085327783559
21,979.0,55.0,0.9438202247191011
3,997.0,56.0,0.9438314944834504
20,980.0,55.0,0.9438775510204082
216,784.0,44.0,0.9438775510204082
233,767.0,43.0,0.9439374185136897
197,803.0,45.0,0.9439601494396015
17,983.0,55.0,0.9440488301119023
34,966.0,54.0,0.9440993788819876
356,644.0,36.0,0.9440993788819876
87,913.0,51.0,0.9441401971522454
194,806.0,45.0,0.9441687344913151
176,824.0,46.0,0.9441747572815534
158,842.0,47.0,0.9441805225653207
139,861.0,48.0,0.9442508710801394
246,754.0,42.0,0.9442970822281167
174,826.0,46.0,0.9443099273607748
353,647.0,36.0,0.9443585780525502
263,737.0,41.0,0.9443690637720489
65,935.0,52.0,0.9443850267379679
29,971.0,54.0,0.9443872296601442
10,990.0,55.0,0.9444444444444444
99,901.0,50.0,0.9445061043285239
189,811.0,45.0,0.9445129469790382
207,793.0,44.0,0.9445145018915511
152,848.0,47.0,0.9445754716981132
206,794.0,44.0,0.9445843828715366
332,668.0,37.0,0.9446107784431138
386,614.0,34.0,0.9446254071661238
151,849.0,47.0,0.944640753828033
41,959.0,53.0,0.9447340980187695
131,869.0,48.0,0.9447640966628308
185,815.0,45.0,0.9447852760736196
239,761.0,42.0,0.9448094612352168
112,888.0,49.0,0.9448198198198198
311,689.0,38.0,0.9448476052249637
184,816.0,45.0,0.9448529411764706
56,944.0,52.0,0.9449152542372882
328,672.0,37.0,0.9449404761904762
309,691.0,38.0,0.9450072358900145
127,873.0,48.0,0.9450171821305842
236,764.0,42.0,0.9450261780104712
254,746.0,41.0,0.9450402144772118
235,765.0,42.0,0.9450980392156862
253,747.0,41.0,0.9451137884872824
180,820.0,45.0,0.9451219512195121
15,985.0,54.0,0.9451776649746193
14,986.0,54.0,0.9452332657200812
160,840.0,46.0,0.9452380952380952
178,822.0,45.0,0.9452554744525548
250,750.0,41.0,0.9453333333333334
195,805.0,44.0,0.9453416149068323
267,733.0,40.0,0.9454297407912687
120,880.0,48.0,0.9454545454545454
248,752.0,41.0,0.9454787234042553
229,771.0,42.0,0.9455252918287937
173,827.0,45.0,0.9455864570737605
375,625.0,34.0,0.9456
80,920.0,50.0,0.9456521739130435
319,681.0,37.0,0.9456681350954479
282,718.0,39.0,0.9456824512534819
300,700.0,38.0,0.9457142857142857
5,995.0,54.0,0.9457286432160804
60,940.0,51.0,0.9457446808510638
170,830.0,45.0,0.9457831325301205
262,738.0,40.0,0.94579945799458
59,941.0,51.0,0.9458023379383634
95,905.0,49.0,0.9458563535911603
297,703.0,38.0,0.9459459459459459
19,981.0,53.0,0.9459734964322121
111,889.0,48.0,0.9460067491563554
240,760.0,41.0,0.9460526315789474
351,649.0,35.0,0.9460708782742681
91,909.0,49.0,0.9460946094609461
294,706.0,38.0,0.9461756373937678
201,799.0,43.0,0.9461827284105131
331,669.0,36.0,0.9461883408071748
368,632.0,34.0,0.9462025316455697
89,911.0,49.0,0.9462129527991219
51,949.0,51.0,0.946259220231823
237,763.0,41.0,0.9462647444298821
125,875.0,47.0,0.9462857142857143
329,671.0,36.0,0.9463487332339792
366,634.0,34.0,0.9463722397476341
310,690.0,37.0,0.946376811594203
179,821.0,44.0,0.9464068209500609
123,877.0,47.0,0.9464082098061574
346,654.0,35.0,0.9464831804281345
84,916.0,49.0,0.9465065502183406
140,860.0,46.0,0.9465116279069767
46,954.0,51.0,0.9465408805031447
382,618.0,33.0,0.9466019417475728
101,899.0,48.0,0.946607341490545
213,787.0,42.0,0.9466327827191868
63,937.0,50.0,0.9466382070437567
193,807.0,43.0,0.9467162329615861
249,751.0,40.0,0.9467376830892144
286,714.0,38.0,0.9467787114845938
192,808.0,43.0,0.9467821782178217
116,884.0,47.0,0.9468325791855203
97,903.0,48.0,0.946843853820598
191,809.0,43.0,0.9468479604449939
115,885.0,47.0,0.9468926553672317
96,904.0,48.0,0.9469026548672567
265,735.0,39.0,0.9469387755102041
302,698.0,37.0,0.9469914040114613
94,906.0,48.0,0.9470198675496688
396,604.0,32.0,0.9470198675496688
37,963.0,51.0,0.9470404984423676
150,850.0,45.0,0.9470588235294117
224,776.0,41.0,0.9471649484536082
318,682.0,36.0,0.9472140762463344
204,796.0,42.0,0.9472361809045227
393,607.0,32.0,0.9472817133443163
298,702.0,37.0,0.9472934472934473
88,912.0,48.0,0.9473684210526316
145,855.0,45.0,0.9473684210526316
164,836.0,44.0,0.9473684210526316
202,798.0,42.0,0.9473684210526316
278,722.0,38.0,0.9473684210526316
373,627.0,33.0,0.9473684210526316
163,837.0,44.0,0.9474313022700119
181,819.0,43.0,0.9474969474969475
352,648.0,34.0,0.9475308641975309
390,610.0,32.0,0.9475409836065574
161,839.0,44.0,0.9475566150178785
45,955.0,50.0,0.9476439790575917
83,917.0,48.0,0.9476553980370774
102,898.0,47.0,0.9476614699331849
293,707.0,37.0,0.9476661951909476
349,651.0,34.0,0.9477726574500768
119,881.0,46.0,0.9477866061293985
42,958.0,50.0,0.9478079331941545
291,709.0,37.0,0.9478138222849083
22,978.0,51.0,0.9478527607361963
252,748.0,39.0,0.9478609625668449
79,921.0,48.0,0.9478827361563518
270,730.0,38.0,0.947945205479452
287,713.0,37.0,0.9481065918653576
113,887.0,46.0,0.9481397970687712
343,657.0,34.0,0.9482496194824962
70,930.0,48.0,0.9483870967741935
108,892.0,46.0,0.9484304932735426
243,757.0,39.0,0.9484808454425363
281,719.0,37.0,0.9485396383866481
106,894.0,46.0,0.9485458612975392
222,778.0,40.0,0.9485861182519281
183,817.0,42.0,0.9485924112607099
358,642.0,33.0,0.9485981308411215
105,895.0,46.0,0.9486033519553072
26,974.0,50.0,0.9486652977412731
279,721.0,37.0,0.9486823855755895
336,664.0,34.0,0.9487951807228916
394,606.0,31.0,0.9488448844884488
198,802.0,41.0,0.9488778054862843
177,823.0,42.0,0.9489671931956257
157,843.0,43.0,0.9489916963226572
78,922.0,47.0,0.9490238611713666
117,883.0,45.0,0.9490373725934315
77,923.0,47.0,0.9490790899241603
175,825.0,42.0,0.9490909090909091
273,727.0,37.0,0.9491059147180193
371,629.0,32.0,0.9491255961844197
76,924.0,47.0,0.9491341991341992
389,611.0,31.0,0.9492635024549918
231,769.0,39.0,0.9492847854356307
33,967.0,49.0,0.9493278179937953
348,652.0,33.0,0.9493865030674846
71,929.0,47.0,0.9494079655543595
308,692.0,35.0,0.9494219653179191
130,870.0,44.0,0.9494252873563218
90,910.0,46.0,0.9494505494505494
347,653.0,33.0,0.9494640122511485
109,891.0,45.0,0.9494949494949495
307,693.0,35.0,0.9494949494949495
126,874.0,44.0,0.9496567505720824
304,696.0,35.0,0.9497126436781609
323,677.0,34.0,0.9497784342688331
341,659.0,33.0,0.9499241274658574
321,679.0,34.0,0.9499263622974963
301,699.0,35.0,0.949928469241774
261,739.0,37.0,0.9499323410013532
220,780.0,39.0,0.95
320,680.0,34.0,0.95
340,660.0,33.0,0.95
359,641.0,32.0,0.9500780031201248
378,622.0,31.0,0.95016077170418
337,663.0,33.0,0.9502262443438914
55,945.0,47.0,0.9502645502645503
276,724.0,36.0,0.9502762430939227
296,704.0,35.0,0.9502840909090909
154,846.0,42.0,0.950354609929078
315,685.0,34.0,0.9503649635036496
234,766.0,38.0,0.9503916449086162
132,868.0,43.0,0.9504608294930875
333,667.0,33.0,0.9505247376311844
171,829.0,41.0,0.9505428226779252
272,728.0,36.0,0.9505494505494505
168,832.0,41.0,0.9507211538461539
370,630.0,31.0,0.9507936507936507
226,774.0,38.0,0.9509043927648578
327,673.0,33.0,0.950965824665676
388,612.0,30.0,0.9509803921568627
284,716.0,35.0,0.9511173184357542
58,942.0,46.0,0.9511677282377919
364,636.0,31.0,0.9512578616352201
384,616.0,30.0,0.9512987012987013
137,863.0,42.0,0.951332560834299
363,637.0,31.0,0.9513343799058085
280,720.0,35.0,0.9513888888888888
238,762.0,37.0,0.9514435695538058
258,742.0,36.0,0.9514824797843666
93,907.0,44.0,0.9514884233737596
255,745.0,36.0,0.9516778523489933
148,852.0,41.0,0.9518779342723005
397,603.0,29.0,0.9519071310116086
85,915.0,44.0,0.9519125683060109
43,957.0,46.0,0.9519331243469175
355,645.0,31.0,0.951937984496124
167,833.0,40.0,0.9519807923169268
312,688.0,33.0,0.9520348837209303
228,772.0,37.0,0.9520725388601037
165,835.0,40.0,0.9520958083832335
142,858.0,41.0,0.9522144522144522
57,943.0,45.0,0.9522799575821845
350,650.0,31.0,0.9523076923076923
199,801.0,38.0,0.9525593008739076
345,655.0,31.0,0.9526717557251908
387,613.0,29.0,0.9526916802610115
217,783.0,37.0,0.9527458492975734
322,678.0,32.0,0.9528023598820059
67,933.0,44.0,0.9528403001071811
385,615.0,29.0,0.9528455284552846
172,828.0,39.0,0.9528985507246377
214,786.0,37.0,0.9529262086513995
232,768.0,36.0,0.953125
210,790.0,37.0,0.9531645569620253
316,684.0,32.0,0.9532163742690059
187,813.0,38.0,0.9532595325953259
122,878.0,41.0,0.9533029612756264
143,857.0,40.0,0.9533255542590432
357,643.0,30.0,0.9533437013996889
335,665.0,31.0,0.9533834586466166
292,708.0,33.0,0.9533898305084746
141,859.0,40.0,0.9534342258440046
153,847.0,39.0,0.9539551357733176
283,717.0,33.0,0.9539748953974896
369,631.0,29.0,0.9540412044374009
215,785.0,36.0,0.954140127388535
277,723.0,33.0,0.9543568464730291
383,617.0,28.0,0.9546191247974068
360,640.0,29.0,0.9546875
73,927.0,42.0,0.9546925566343042
203,797.0,36.0,0.9548306148055207
133,867.0,38.0,0.9561707035755479
104,896.0,39.0,0.9564732142857143
376,624.0,27.0,0.9567307692307693
205,795.0,34.0,0.9572327044025157
268,732.0,31.0,0.9576502732240437
372,628.0,26.0,0.9585987261146497
313,687.0,27.0,0.9606986899563319
121,879.0,32.0,0.9635949943117179
9,991.0,34.0,0.9656912209889001
36,964.0,31.0,0.9678423236514523
100,900.0,28.0,0.9688888888888889
49,951.0,29.0,0.9695057833859095
144,856.0,26.0,0.969626168224299
196,804.0,23.0,0.9713930348258707
225,775.0,22.0,0.9716129032258064
25,975.0,27.0,0.9723076923076923
289,711.0,19.0,0.9732770745428974
169,831.0,20.0,0.9759326113116726
361,639.0,15.0,0.9765258215962441
64,936.0,21.0,0.9775641025641025
81,919.0,20.0,0.9782372143634385
324,676.0,13.0,0.9807692307692307
4,996.0,16.0,0.9839357429718876
16,984.0,15.0,0.9847560975609756
256,744.0,10.0,0.9865591397849462
